day,wallet,price
2021-1-1,1000.0,0.053694
2021-1-2,1000.0,0.053668
2021-1-3,1000.0,0.052029
2021-1-4,1000.0,0.06329
2021-1-5,1000.0,0.057647
2021-1-6,1000.0,0.060887
2021-1-7,1000.0,0.078008
2021-1-8,1000.0,0.065138
2021-1-9,1000.0,0.073935
2021-1-10,993.8204088367039,0.075057
2021-1-11,833.0232141058602,0.062913
2021-1-12,793.1152146889661,0.059899
2021-1-13,780.827682021787,0.058971
2021-1-14,780.1483619384281,0.064016
2021-1-15,899.6727729477219,0.073888
2021-1-16,1077.7005394763687,0.088509
2021-1-17,1038.4080422061447,0.085282
2021-1-18,1130.3989987839389,0.092837
2021-1-19,1127.4158373859823,0.092592
2021-1-20,1121.3886337452136,0.092097
2021-1-21,1071.3811077802898,0.08799
2021-1-22,1001.7090689267972,0.082268
2021-1-23,1084.5191941002686,0.089069
2021-1-24,1110.5031386849162,0.091203
2021-1-25,1090.095879489101,0.089527
2021-1-26,983.7735720321459,0.080795
2021-1-27,1159.475690287284,0.095225
2021-1-28,1120.5363019172262,0.092027
2021-1-29,1164.845380803605,0.095666
2021-1-30,1325.497754210278,0.10886
2021-1-31,1223.7049816106278,0.1005
2021-2-1,1230.0365894756776,0.10102
2021-2-2,1337.673923181528,0.10986
2021-2-3,1457.1221407894907,0.11967
2021-2-4,1712.5781658063163,0.14065
2021-2-5,1864.0497078086667,0.15309
2021-2-6,1936.1326281184668,0.15901
2021-2-7,2068.7311082153797,0.1699
2021-2-8,2515.5965094602557,0.2066
2021-2-9,2605.700159847506,0.214
2021-2-10,3215.726225307132,0.2641
2021-2-11,2700.430754443831,0.22178
2021-2-12,2758.3893187469807,0.22654
2021-2-13,3026.7520828733313,0.24858
2021-2-14,3338.462008537332,0.27418
2021-2-15,2614.7105248862304,0.21474
2021-2-16,2946.9981761116437,0.24203
2021-2-17,2672.669089189381,0.2195
2021-2-18,3115.029307914894,0.25583
2021-2-19,3557.146003260983,0.29214
2021-2-20,3406.4050313969074,0.27976
2021-2-21,3756.5916510100583,0.30852
2021-2-22,3440.985351275258,0.2826
2021-2-23,3141.3298328927945,0.25799
2021-2-24,2947.972269629344,0.24211
2021-2-25,3007.330314089374,0.23837
2021-2-26,3007.330314089374,0.22865
2021-2-27,3007.330314089374,0.23722
2021-2-28,3007.330314089374,0.25
2021-3-1,3007.330314089374,0.25389
2021-3-2,3007.330314089374,0.27124
2021-3-3,3366.7330026794066,0.30392
2021-3-4,3578.0954194046076,0.323
2021-3-5,3570.7841408386416,0.32234
2021-3-6,4362.950095766268,0.39385
2021-3-7,4128.878404707385,0.37272
2021-3-8,4345.5581149351065,0.39228
2021-3-9,5231.109037000754,0.47222
2021-3-10,4478.601229446095,0.40429
2021-3-11,5062.063414399781,0.45696
2021-3-12,4937.439347934451,0.44571
2021-3-13,5816.011322278041,0.52502
2021-3-14,7267.189340674337,0.65602
2021-3-15,7439.336717818447,0.67156
2021-3-16,6585.024895080108,0.59444
2021-3-17,6654.592818404755,0.60072
2021-3-18,6964.32516492659,0.62868
2021-3-19,6449.10157992192,0.58217
2021-3-20,6605.407853506438,0.59628
2021-3-21,6372.000824135369,0.57521
2021-3-22,6934.083058131003,0.62595
2021-3-23,7074.326674259989,0.63861
2021-3-24,7127.831940129105,0.64344
2021-3-25,6554.78278828452,0.59171
2021-3-26,7026.360255789332,0.63428
2021-3-27,7937.832983679769,0.71656
2021-3-28,9088.473142235673,0.82043
2021-3-29,8539.241034204464,0.77085
2021-3-30,8811.752326208652,0.79545
2021-3-31,8854.40145117679,0.7993
2021-4-1,8037.199906008126,0.72553
2021-4-2,7595.199883611086,0.68563
2021-4-3,7628.432968001841,0.68863
2021-4-4,7084.628930421122,0.63954
2021-4-5,7078.465303251656,0.68732
2021-4-6,7078.465303251656,0.66212
2021-4-7,7078.465303251656,0.63545
2021-4-8,7078.465303251656,0.60945
2021-4-9,7078.465303251656,0.63408
2021-4-10,7078.465303251656,0.66413
2021-4-11,7078.465303251656,0.64497
2021-4-12,7078.465303251656,0.6535
2021-4-13,7078.465303251656,0.61828
2021-4-14,7078.465303251656,0.59993
2021-4-15,7078.465303251656,0.5912
2021-4-16,7078.465303251656,0.61168
2021-4-17,7078.465303251656,0.65149
2021-4-18,7078.465303251656,0.50781
2021-4-19,7078.465303251656,0.55729
2021-4-20,7078.465303251656,0.44205
2021-4-21,7078.465303251656,0.53046
2021-4-22,7078.465303251656,0.47042
2021-4-23,7078.465303251656,0.38
2021-4-24,7078.465303251656,0.392
2021-4-25,7078.465303251656,0.36459
2021-4-26,7078.465303251656,0.40004
2021-4-27,7078.465303251656,0.4707
2021-4-28,7078.465303251656,0.58166
2021-4-29,7497.258335768917,0.6092
2021-4-30,7240.909203900785,0.58837
2021-5-1,7662.291550284121,0.62261
2021-5-2,7902.0266001540795,0.64209
2021-5-3,7855.014901462947,0.63827
2021-5-4,7092.120869561576,0.57628
2021-5-5,6905.058612989535,0.56108
2021-5-6,7495.781528480191,0.60908
2021-5-7,6801.189833682428,0.55264
2021-5-8,6989.236628446954,0.56792
2021-5-9,6630.49552456044,0.53877
2021-5-10,6579.96947864038,0.57427
2021-5-11,6579.96947864038,0.48309
2021-5-12,6579.96947864038,0.55038
2021-5-13,6579.96947864038,0.47026
2021-5-14,6579.96947864038,0.45847
2021-5-15,6579.96947864038,0.46574
2021-5-16,6579.96947864038,0.55288
2021-5-17,6579.96947864038,0.43129
2021-5-18,6579.96947864038,0.46229
2021-5-19,6579.96947864038,0.45689
2021-5-20,6579.96947864038,0.32244
2021-5-21,6579.96947864038,0.3629
2021-5-22,6579.96947864038,0.26744
2021-5-23,6579.96947864038,0.25586
2021-5-24,6579.96947864038,0.22898
2021-5-25,6579.96947864038,0.27929
2021-5-26,6579.96947864038,0.2932
2021-5-27,6579.96947864038,0.30487
2021-5-28,6579.96947864038,0.30616
2021-5-29,6579.96947864038,0.32241
2021-5-30,6579.96947864038,0.27402
2021-5-31,6579.96947864038,0.2886
2021-6-1,6579.96947864038,0.32313
2021-6-2,6579.96947864038,0.31817
2021-6-3,6579.96947864038,0.36027
2021-6-4,6579.96947864038,0.37812
2021-6-5,6794.881655027113,0.39081
2021-6-6,6182.175661006603,0.35557
2021-6-7,6231.379916485549,0.3584
2021-6-8,5315.276658116063,0.30571
2021-6-9,5409.496409066366,0.30215
2021-6-10,5409.496409066366,0.31283
2021-6-11,5409.496409066366,0.29066
2021-6-12,5409.496409066366,0.26125
2021-6-13,5409.496409066366,0.25633
2021-6-14,5409.496409066366,0.2822
2021-6-15,5409.496409066366,0.28692
2021-6-16,5409.496409066366,0.28396
2021-6-17,5409.496409066366,0.2978
2021-6-18,5409.496409066366,0.29177
2021-6-19,5409.496409066366,0.26444
2021-6-20,5409.496409066366,0.25799
2021-6-21,5409.496409066366,0.24644
2021-6-22,5409.496409066366,0.21064
2021-6-23,5409.496409066366,0.20461
2021-6-24,5409.496409066366,0.20066
2021-6-25,5409.496409066366,0.2164
2021-6-26,5409.496409066366,0.19046
2021-6-27,5409.496409066366,0.19475
2021-6-28,5409.496409066366,0.19205
2021-6-29,5409.496409066366,0.21358
2021-6-30,5409.496409066366,0.22489
2021-7-1,5409.496409066366,0.22029
2021-7-2,5409.496409066366,0.23383
2021-7-3,6165.478013349819,0.26674
2021-7-4,6034.189436024233,0.26106
2021-7-5,5962.304317101244,0.25795
2021-7-6,6527.215026579648,0.28239
2021-7-7,6845.959653572578,0.29618
2021-7-8,6275.039255695467,0.27148
2021-7-9,6034.8828616086985,0.26109
2021-7-10,6620.365196759598,0.28642
2021-7-11,6597.944436195193,0.28545
2021-7-12,6638.6254038172065,0.28721
2021-7-13,6093.130610703854,0.26361
2021-7-14,5179.889115961964,0.2241
2021-7-15,5487.845471628724,0.23886
2021-7-16,5487.845471628724,0.22775
2021-7-17,5487.845471628724,0.19781
2021-7-18,5487.845471628724,0.23096
2021-7-19,5487.845471628724,0.22524
2021-7-20,5487.845471628724,0.21705
2021-7-21,5487.845471628724,0.26616
2021-7-22,5442.881432613119,0.26138
2021-7-23,5575.111507971193,0.26773
2021-7-24,6130.894297153395,0.29442
2021-7-25,5749.405323836874,0.2761
2021-7-26,7187.485481983105,0.34516
2021-7-27,6615.876731025763,0.31771
2021-7-28,7894.864326064014,0.37913
2021-7-29,7163.746539320396,0.34402
2021-7-30,7990.653042071437,0.38373
2021-7-31,7643.939537392393,0.36708
2021-8-1,8862.955066756429,0.42562
2021-8-2,8164.946857937118,0.3921
2021-8-3,7790.329683812433,0.37411
2021-8-4,7616.452340625045,0.36576
2021-8-5,8495.209691823582,0.40796
2021-8-6,8888.984609149751,0.42687
2021-8-7,8759.66984253973,0.42066
2021-8-8,8182.230474086284,0.39293
2021-8-9,7998.149550280713,0.38409
2021-8-10,8436.487044184249,0.40514
2021-8-11,10783.310586366122,0.51784
2021-8-12,10484.074967012499,0.50347
2021-8-13,10611.515606570201,0.50959
2021-8-14,10693.144251515658,0.51351
2021-8-15,10437.638263382813,0.50124
2021-8-16,10468.873714254798,0.50274
2021-8-17,10353.719018706744,0.49721
2021-8-18,9887.061382679274,0.4748
2021-8-19,10859.733322832917,0.52151
2021-8-20,11234.558733296748,0.53951
2021-8-21,11637.079576867072,0.55884
2021-8-22,11509.01422829193,0.55269
2021-8-23,11810.33221103702,0.56716
2021-8-24,11690.804552366888,0.56142
2021-8-25,10744.786863624007,0.51599
2021-8-26,11776.38968775613,0.56553
2021-8-27,10724.796175065936,0.51503
2021-8-28,11455.913961809552,0.55014
2021-8-29,11451.124526009182,0.54991
2021-8-30,13386.47306203743,0.64285
2021-8-31,13603.038854749866,0.65325
2021-9-1,15550.048625770321,0.74675
2021-9-2,14684.618400277164,0.70519
2021-9-3,14682.119564207405,0.70507
2021-9-4,15081.308626351385,0.72424
2021-9-5,14505.535148611112,0.69659
2021-9-6,14365.808565043762,0.68988
2021-9-7,19720.397789858733,0.94702
2021-9-8,23316.22289424175,1.1197
2021-9-9,17873.966170646072,0.85835
2021-9-10,18376.440457006753,0.88248
2021-9-11,15893.638585362165,0.76325
2021-9-12,19773.081583662817,0.94955
2021-9-13,16893.797722283154,0.81128
2021-9-14,19722.4801532502,0.94712
2021-9-15,18660.058350924384,0.8961
2021-9-16,19408.043281138875,0.93202
2021-9-17,18677.96667609099,0.89696
2021-9-18,17826.6965216598,0.85608
2021-9-19,17146.596638007093,0.82342
2021-9-20,16766.75032455775,0.71365
2021-9-21,16766.75032455775,0.6717
2021-9-22,16766.75032455775,0.62273
2021-9-23,16766.75032455775,0.76564
2021-9-24,16766.75032455775,0.82709
2021-9-25,16766.75032455775,0.7954
2021-9-26,16766.75032455775,0.81796
2021-9-27,16415.46516891169,0.80152
2021-9-28,15273.272219927007,0.74575
2021-9-29,14364.351239544358,0.70137
2021-9-30,14351.854253965954,0.75759
2021-10-1,14351.854253965954,0.72362
2021-10-2,14351.854253965954,0.79523
2021-10-3,14349.38778834349,0.80199
2021-10-4,13635.487898376154,0.76209
2021-10-5,13662.505162382435,0.7636
2021-10-6,12996.377520691107,0.72637
2021-10-7,13276.639022626518,0.68919
2021-10-8,13276.639022626518,0.69677
2021-10-9,13276.639022626518,0.79213
2021-10-10,12970.148480349688,0.792
2021-10-11,13080.198225031443,0.79872
2021-10-12,11936.79447894809,0.7289
2021-10-13,11876.013883774627,0.73669
2021-10-14,11876.013883774627,0.72234
2021-10-15,11876.013883774627,0.71791
2021-10-16,11876.013883774627,0.7518
2021-10-17,11876.013883774627,0.7838
2021-10-18,11292.834855186215,0.74596
2021-10-19,11408.70290595487,0.73396
2021-10-20,11408.70290595487,0.70989
2021-10-21,11408.70290595487,0.73968
2021-10-22,11408.70290595487,0.73019
2021-10-23,11408.70290595487,0.76135
2021-10-24,11531.223363700909,0.76703
2021-10-25,11161.998110695818,0.74247
2021-10-26,11489.429951512222,0.76425
2021-10-27,12124.749951186288,0.80651
2021-10-28,10808.558139272787,0.71896
2021-10-29,11271.142057634619,0.74973
2021-10-30,11261.336164044476,0.7342
2021-10-31,11261.336164044476,0.80462
2021-11-1,10628.068397841347,0.74579
2021-11-2,11726.088846028742,0.82284
2021-11-3,12719.081251346035,0.89252
2021-11-4,12779.789455230246,0.89678
2021-11-5,12202.919010809404,0.8563
2021-11-6,12512.445346106359,0.87802
2021-11-7,12193.656021953835,0.85565
2021-11-8,11871.589024821646,0.83305
2021-11-9,12066.396805830364,0.84672
2021-11-10,12718.511221262617,0.89248
2021-11-11,12737.32221401547,0.8938
2021-11-12,12996.40088692977,0.91198
2021-11-13,12378.91579906527,0.86865
2021-11-14,12260.349541713951,0.86033
2021-11-15,12168.574698283363,0.85389
2021-11-16,11345.593765346024,0.79614
2021-11-17,10525.177967784073,0.73857
2021-11-18,10789.682225509394,0.78133
2021-11-19,10789.682225509394,0.6702
2021-11-20,10789.682225509394,0.73162
2021-11-21,10789.682225509394,0.80624
2021-11-22,10789.682225509394,0.862
2021-11-23,10365.820330931514,0.84007
2021-11-24,10014.152161098586,0.81157
2021-11-25,9965.65897136373,0.80764
2021-11-26,10138.094496835303,0.79604
2021-11-27,10138.094496835303,0.77728
2021-11-28,10138.094496835303,0.73031
2021-11-29,10138.094496835303,0.75103
2021-11-30,10138.094496835303,0.74371
2021-12-1,10138.094496835303,0.7423
2021-12-2,10138.094496835303,0.74807
2021-12-3,10138.094496835303,0.73234
2021-12-4,10138.094496835303,0.72387
2021-12-5,10138.094496835303,0.65668
2021-12-6,10138.094496835303,0.5995
2021-12-7,10138.094496835303,0.61718
2021-12-8,10138.094496835303,0.5652
2021-12-9,10138.094496835303,0.59252
2021-12-10,10138.094496835303,0.54546
2021-12-11,10138.094496835303,0.51287
2021-12-12,10138.094496835303,0.52397
2021-12-13,10138.094496835303,0.53116
2021-12-14,10138.094496835303,0.48808
2021-12-15,10138.094496835303,0.49285
2021-12-16,10138.094496835303,0.50016
2021-12-17,10138.094496835303,0.50167
2021-12-18,10138.094496835303,0.47464
2021-12-19,10138.094496835303,0.48096
2021-12-20,10138.094496835303,0.46022
2021-12-21,10138.094496835303,0.49783
2021-12-22,10138.094496835303,0.5774
2021-12-23,10067.13156717138,0.5508
2021-12-24,10575.78855975377,0.57863
2021-12-25,10522.784417515575,0.57573
2021-12-26,10034.415217307118,0.54901
2021-12-27,10417.689997560537,0.56998
2021-12-28,10326.66909123426,0.565
2021-12-29,9671.793775236167,0.52917
2021-12-30,9034.281885143686,0.49429
2021-12-31,9384.89312959126,0.49536
2022-1-1,9384.89312959126,0.50546
2022-1-2,9384.89312959126,0.52548
2022-1-3,9384.89312959126,0.54854
2022-1-4,9384.89312959126,0.52517
2022-1-5,9779.245644414592,0.57361
2022-1-6,9356.099470368865,0.54879
2022-1-7,8657.95942898399,0.50784
2022-1-8,8976.256732345544,0.52651
2022-1-9,8968.447388988403,0.48561
2022-1-10,8968.447388988403,0.4617
2022-1-11,8968.447388988403,0.45933
2022-1-12,8968.447388988403,0.45805
2022-1-13,8968.447388988403,0.50516
2022-1-14,8968.447388988403,0.48874
2022-1-15,8968.447388988403,0.4936
2022-1-16,8968.447388988403,0.49053
2022-1-17,8968.447388988403,0.47038
2022-1-18,8968.447388988403,0.4594
2022-1-19,8968.447388988403,0.46456
2022-1-20,8968.447388988403,0.48362
2022-1-21,8968.447388988403,0.43299
2022-1-22,8968.447388988403,0.37929
2022-1-23,8968.447388988403,0.33877
2022-1-24,8968.447388988403,0.33526
2022-1-25,8968.447388988403,0.32146
2022-1-26,8968.447388988403,0.32715
2022-1-27,8968.447388988403,0.30439
2022-1-28,8968.447388988403,0.31208
2022-1-29,8968.447388988403,0.3256
2022-1-30,8968.447388988403,0.32096
2022-1-31,8968.447388988403,0.29936
2022-2-1,8968.447388988403,0.3268
2022-2-2,8968.447388988403,0.32508
2022-2-3,8968.447388988403,0.30809
2022-2-4,8968.447388988403,0.31315
2022-2-5,8968.447388988403,0.34478
2022-2-6,8968.447388988403,0.3465
2022-2-7,9247.43499235649,0.35856
2022-2-8,10318.513682764135,0.40009
2022-2-9,9988.911331128938,0.38731
2022-2-10,10545.469918631874,0.40889
2022-2-11,10210.45156591347,0.3959
2022-2-12,9169.031929056726,0.35552
2022-2-13,9058.3907640712,0.35123
2022-2-14,8486.099982945614,0.32904
2022-2-15,8741.293440548456,0.35567
2022-2-16,8741.293440548456,0.36173
2022-2-17,8741.293440548456,0.36105
2022-2-18,8741.293440548456,0.33994
2022-2-19,8741.293440548456,0.33677
2022-2-20,8741.293440548456,0.33221
2022-2-21,8741.293440548456,0.31512
2022-2-22,8741.293440548456,0.26216
2022-2-23,8741.293440548456,0.28481
2022-2-24,8741.293440548456,0.24638
2022-2-25,8741.293440548456,0.2666
2022-2-26,8741.293440548456,0.28473
2022-2-27,8741.293440548456,0.26032
2022-2-28,8741.293440548456,0.26389
2022-3-1,8741.293440548456,0.2911
2022-3-2,8741.293440548456,0.39271
2022-3-3,8007.304027305071,0.33765
2022-3-4,7480.835348477372,0.31545
2022-3-5,7574.034533513086,0.31938
2022-3-6,8137.261160637313,0.34313
2022-3-7,7318.863227919121,0.30862
2022-3-8,7930.468057962649,0.33441
2022-3-9,7960.5858607604505,0.33568
2022-3-10,7957.028639957561,0.33553
2022-3-11,8160.975965989913,0.34413
2022-3-12,8121.609389104598,0.34247
2022-3-13,8085.325736915122,0.34094
2022-3-14,7464.709280837605,0.31477
2022-3-15,7522.573405897946,0.31721
2022-3-16,7516.028767034815,0.32291
2022-3-17,7516.028767034815,0.32779
2022-3-18,7516.028767034815,0.3249
2022-3-19,7516.028767034815,0.33165
2022-3-20,7455.471034469808,0.33952
2022-3-21,7312.9580543398915,0.33303
2022-3-22,7621.479991292946,0.34708
2022-3-23,7980.068121573613,0.36341
2022-3-24,9083.939849020588,0.41368
2022-3-25,9621.053484456295,0.43814
2022-3-26,8863.47292752531,0.40364
2022-3-27,9402.562860066055,0.42819
2022-3-28,9907.17738755226,0.45117
2022-3-29,9706.25384854013,0.44202
2022-3-30,10412.67026930737,0.47419
2022-3-31,10445.828142958553,0.4757
2022-4-1,9492.594172628867,0.43229
2022-4-2,10523.782084323915,0.47925
2022-4-3,10265.326340698473,0.46748
2022-4-4,10320.882248206746,0.47001
2022-4-5,11212.631419713045,0.51062
2022-4-6,10759.620205525038,0.48999
2022-4-7,9648.502055359593,0.43939
2022-4-8,10150.48152003908,0.46225
2022-4-9,8883.016310008457,0.40453
2022-4-10,9010.65635885042,0.40243
2022-4-11,9010.65635885042,0.36748
2022-4-12,9010.65635885042,0.33551
2022-4-13,9010.65635885042,0.34336
2022-4-14,9010.65635885042,0.35007
2022-4-15,9010.65635885042,0.33711
2022-4-16,9010.65635885042,0.33382
2022-4-17,9010.65635885042,0.33236
2022-4-18,9010.65635885042,0.33247
2022-4-19,9010.65635885042,0.3423
2022-4-20,9010.65635885042,0.34429
2022-4-21,9010.65635885042,0.3415
2022-4-22,9010.65635885042,0.32722
2022-4-23,9010.65635885042,0.31904
2022-4-24,9010.65635885042,0.32722
2022-4-25,9010.65635885042,0.33947
2022-4-26,9010.65635885042,0.33772
2022-4-27,9010.65635885042,0.31059
2022-4-28,9010.65635885042,0.31255
2022-4-29,9010.65635885042,0.30327
2022-4-30,9010.65635885042,0.28037
2022-5-1,9010.65635885042,0.25822
2022-5-2,9010.65635885042,0.27046
2022-5-3,9010.65635885042,0.26047
2022-5-4,9010.65635885042,0.27675
2022-5-5,9010.65635885042,0.29276
2022-5-6,9010.65635885042,0.26765
2022-5-7,9010.65635885042,0.25647
2022-5-8,9010.65635885042,0.25289
2022-5-9,9010.65635885042,0.23053
2022-5-10,9010.65635885042,0.19401
2022-5-11,9010.65635885042,0.19322
2022-5-12,9010.65635885042,0.14969
2022-5-13,9010.65635885042,0.17233
2022-5-14,9010.65635885042,0.15835
2022-5-15,9010.65635885042,0.17686
2022-5-16,9010.65635885042,0.17199
2022-5-17,9010.65635885042,0.18934
2022-5-18,9010.65635885042,0.18336
2022-5-19,9010.65635885042,0.16883
2022-5-20,9010.65635885042,0.17763
2022-5-21,9010.65635885042,0.16802
2022-5-22,9010.65635885042,0.16943
2022-5-23,9010.65635885042,0.17147
2022-5-24,9010.65635885042,0.16654
2022-5-25,9010.65635885042,0.165
2022-5-26,9010.65635885042,0.1586
2022-5-27,9010.65635885042,0.14521
2022-5-28,9010.65635885042,0.14213
2022-5-29,9010.65635885042,0.16313
2022-5-30,9010.65635885042,0.16665
2022-5-31,9010.65635885042,0.17147
2022-6-1,8829.287987451786,0.16638
2022-6-2,8005.15742821915,0.15085
2022-6-3,8288.216908036005,0.16336
2022-6-4,8288.216908036005,0.14957
2022-6-5,8288.216908036005,0.14627
2022-6-6,8288.216908036005,0.15322
2022-6-7,8288.216908036005,0.14109
2022-6-8,8288.216908036005,0.15175
2022-6-9,8288.216908036005,0.15158
2022-6-10,8288.216908036005,0.15992
2022-6-11,8288.216908036005,0.14933
2022-6-12,8288.216908036005,0.12804
2022-6-13,8288.216908036005,0.11136
2022-6-14,8288.216908036005,0.10975
2022-6-15,8288.216908036005,0.10458
2022-6-16,8288.216908036005,0.10665
2022-6-17,8288.216908036005,0.080107
2022-6-18,8288.216908036005,0.08063
2022-6-19,8288.216908036005,0.072954
2022-6-20,8288.216908036005,0.076159
2022-6-21,8288.216908036005,0.081793
2022-6-22,8288.216908036005,0.081437
2022-6-23,8288.216908036005,0.081673
2022-6-24,8288.216908036005,0.083573
2022-6-25,8288.216908036005,0.089736
2022-6-26,8288.216908036005,0.092579
2022-6-27,8288.216908036005,0.084656
2022-6-28,8288.216908036005,0.081495
2022-6-29,8288.216908036005,0.076828
2022-6-30,8288.216908036005,0.075607
2022-7-1,8288.216908036005,0.073633
2022-7-2,8288.216908036005,0.072914
2022-7-3,8288.216908036005,0.074906
2022-7-4,8288.216908036005,0.072803
2022-7-5,8288.216908036005,0.075695
2022-7-6,8288.216908036005,0.074954
2022-7-7,8288.216908036005,0.077081
2022-7-8,8288.216908036005,0.081151
2022-7-9,8288.216908036005,0.079738
2022-7-10,8281.629275493411,0.079744
2022-7-11,7842.851640950879,0.075519
2022-7-12,7450.807718963174,0.071744
2022-7-13,7509.488267477096,0.069397
2022-7-14,7509.488267477096,0.07725
2022-7-15,7509.488267477096,0.077022
2022-7-16,7509.488267477096,0.078102
2022-7-17,7552.239651551692,0.080756
2022-7-18,7597.783520865498,0.081243
2022-7-19,8036.388751012823,0.085933
2022-7-20,7956.429801806861,0.085078
2022-7-21,7572.907403334753,0.080977
2022-7-22,7980.74480390458,0.085338
2022-7-23,7792.864653080279,0.083329
2022-7-24,7751.996745708341,0.082892
2022-7-25,7557.5702481654225,0.080813
2022-7-26,7151.790270850019,0.076474
2022-7-27,7136.785052867018,0.075338
2022-7-28,7136.785052867018,0.081542
2022-7-29,7136.785052867018,0.089035
2022-7-30,7246.906981827338,0.088086
2022-7-31,7191.127369474876,0.087408
2022-8-1,8264.10333452031,0.10045
2022-8-2,7560.934681457642,0.091903
2022-8-3,7654.147514489115,0.093036
2022-8-4,8003.469393616773,0.097282
2022-8-5,8177.143083404452,0.099393
2022-8-6,8354.601230667373,0.10155
2022-8-7,8301.125201125928,0.1009
2022-8-8,8634.322000576472,0.10495
2022-8-9,8399.027470594112,0.10209
2022-8-10,7647.565849314783,0.092956
2022-8-11,8305.238741859885,0.10095
2022-8-12,8051.762361833433,0.097869
2022-8-13,8595.654717677273,0.10448
2022-8-14,8377.637058777535,0.10183
2022-8-15,8169.6564392686505,0.099302
2022-8-16,9038.271700651083,0.10986
2022-8-17,8779.11863441177,0.10671
2022-8-18,8186.686497907233,0.099509
2022-8-19,7348.922792029481,0.089326
2022-8-20,7042.464007349658,0.085601
2022-8-21,7036.3370636632635,0.088501
2022-8-22,7036.3370636632635,0.088201
2022-8-23,7036.3370636632635,0.090188
2022-8-24,7036.3370636632635,0.089773
2022-8-25,7036.3370636632635,0.090904
2022-8-26,7036.3370636632635,0.09044
2022-8-27,7036.3370636632635,0.085653
2022-8-28,7036.3370636632635,0.083955
2022-8-29,7036.3370636632635,0.080241
2022-8-30,7036.3370636632635,0.083987
2022-8-31,7036.3370636632635,0.083506
2022-9-1,7036.3370636632635,0.080877
2022-9-2,7036.3370636632635,0.08221
2022-9-3,7036.3370636632635,0.08034
2022-9-4,7036.3370636632635,0.081341
2022-9-5,7036.3370636632635,0.082323
2022-9-6,7036.3370636632635,0.082753
2022-9-7,7036.3370636632635,0.076755
2022-9-8,7036.3370636632635,0.094497
2022-9-9,7081.325623380375,0.095184
2022-9-10,7012.5091605123835,0.094259
2022-9-11,7128.195214306681,0.095814
2022-9-12,6970.921698087295,0.0937
2022-9-13,6752.643317487635,0.090766
2022-9-14,6465.9204549003525,0.086912
2022-9-15,6765.811440652645,0.090943
2022-9-16,6632.791077833221,0.089155
2022-9-17,6575.806179580685,0.089687
2022-9-18,6575.806179580685,0.087363
2022-9-19,6575.806179580685,0.081082
2022-9-20,6575.806179580685,0.082431
2022-9-21,6575.806179580685,0.083976
2022-9-22,6575.806179580685,0.081008
2022-9-23,6575.806179580685,0.084838
2022-9-24,6575.806179580685,0.084522
2022-9-25,6575.806179580685,0.082679
2022-9-26,6575.806179580685,0.079948
2022-9-27,6575.806179580685,0.083388
2022-9-28,6575.806179580685,0.080487
2022-9-29,6575.806179580685,0.083751
2022-9-30,6575.806179580685,0.082304
2022-10-1,6575.806179580685,0.08262
2022-10-2,6575.806179580685,0.081201
2022-10-3,6575.806179580685,0.079736
2022-10-4,6575.806179580685,0.080687
2022-10-5,6575.806179580685,0.082307
2022-10-6,6575.806179580685,0.081884
2022-10-7,6575.806179580685,0.080511
2022-10-8,6575.806179580685,0.08022
2022-10-9,6575.806179580685,0.080055
2022-10-10,6575.806179580685,0.083728
2022-10-11,6403.480017699587,0.080483
2022-10-12,6446.1617982173475,0.078933
2022-10-13,6446.1617982173475,0.077514
2022-10-14,6446.1617982173475,0.083009
2022-10-15,6446.1617982173475,0.081915
2022-10-16,6410.459423500988,0.081797
2022-10-17,6713.752673485081,0.085667
2022-10-18,6870.571741500112,0.087668
2022-10-19,6540.162350819767,0.083452
2022-10-20,6306.618711297133,0.080472
2022-10-21,6344.941811876519,0.080961
2022-10-22,6298.626283686156,0.08039
2022-10-23,6298.626283686156,0.081757
2022-10-24,6298.626283686156,0.08037
2022-10-25,6298.626283686156,0.080783
2022-10-26,6298.626283686156,0.082002
2022-10-27,6298.626283686156,0.082549
2022-10-28,6231.734670214277,0.081687
2022-10-29,6282.526605238207,0.082788
2022-10-30,6454.865808027209,0.085059
2022-10-31,6437.867137210504,0.084835
2022-11-1,6472.623348076802,0.085293
2022-11-2,6300.132371441222,0.08302
2022-11-3,6297.096894509667,0.08298
2022-11-4,6754.467381171632,0.089007
2022-11-5,7002.693507249495,0.092278
2022-11-6,6774.501528919891,0.089271
2022-11-7,6883.702811532561,0.09071
2022-11-8,6446.82179415859,0.084953
2022-11-9,5681.274512020563,0.074865
2022-11-10,4848.946737388337,0.063897
2022-11-11,4844.728153726809,0.065328
2022-11-12,4844.728153726809,0.064664
2022-11-13,4844.728153726809,0.063274
2022-11-14,4844.728153726809,0.058651
2022-11-15,4844.728153726809,0.063049
2022-11-16,4844.728153726809,0.063866
2022-11-17,4844.728153726809,0.060651
2022-11-18,4844.728153726809,0.061153
2022-11-19,4844.728153726809,0.059679
2022-11-20,4844.728153726809,0.060186
2022-11-21,4844.728153726809,0.05547
2022-11-22,4844.728153726809,0.054916
2022-11-23,4844.728153726809,0.0589
2022-11-24,4844.728153726809,0.061403
2022-11-25,4844.728153726809,0.061401
2022-11-26,4844.728153726809,0.062729
2022-11-27,4832.828251046975,0.061
2022-11-28,4807.335484479318,0.059644
2022-11-29,4880.945435401046,0.062562
2022-11-30,4992.275556653818,0.06328
2022-12-1,5036.849445552512,0.063845
2022-12-2,4885.298223296951,0.061924
2022-12-3,4985.727534036842,0.063197
2022-12-4,4986.989803456982,0.063213
2022-12-5,5019.651024703106,0.063627
2022-12-6,5488.031871413815,0.069564
2022-12-7,5458.289648201765,0.069187
2022-12-8,6361.91676934451,0.080641
2022-12-9,7598.467450049186,0.096315
2022-12-10,8764.883286097333,0.1111
2022-12-11,7675.702560194005,0.097294
2022-12-12,7954.664102044951,0.10083
2022-12-13,7597.994099016634,0.096309
2022-12-14,7301.834136316279,0.092555
2022-12-15,7873.089940768401,0.099796
2022-12-16,8140.848841515605,0.10319
2022-12-17,7132.611142178756,0.09041
2022-12-18,7062.870756716019,0.089526
2022-12-19,6928.991306342418,0.087829
2022-12-20,6922.9630839059,0.086343
2022-12-21,6922.9630839059,0.083966
2022-12-22,6922.9630839059,0.097931
2022-12-23,6922.9630839059,0.093754
2022-12-24,6664.104453748433,0.090327
2022-12-25,6840.359012629001,0.092716
2022-12-26,7188.220144952933,0.097431
2022-12-27,7389.559069685067,0.10016
2022-12-28,7034.172627605664,0.095343
2022-12-29,7247.242182250737,0.098231
2022-12-30,6827.816829703217,0.092546
2022-12-31,6887.7241975604875,0.093358
2023-1-1,6787.305063147886,0.09161
2023-1-2,6787.305063147886,0.091628
2023-1-3,6787.305063147886,0.099415
2023-1-4,7199.13547020058,0.10323
2023-1-5,7729.150287342151,0.11083
2023-1-6,7505.986153808859,0.10763
2023-1-7,9153.216414451479,0.13125
2023-1-8,11221.66897713819,0.16091
2023-1-9,10084.926671952977,0.14461
2023-1-10,11262.117476341098,0.16149
2023-1-11,13363.347271140514,0.19162
2023-1-12,12573.206760849198,0.18029
2023-1-13,14796.47944117463,0.21217
2023-1-14,18118.83547915153,0.25981
2023-1-15,15770.730361630915,0.22614
2023-1-16,16216.361240780207,0.23253
2023-1-17,17364.95914055938,0.249
2023-1-18,19149.57482090843,0.27459
2023-1-19,18015.622067392385,0.25833
2023-1-20,19061.006555412405,0.27332
2023-1-21,19700.51127556875,0.28249
2023-1-22,19086.112520434897,0.27368
2023-1-23,18500.306669910005,0.26528
2023-1-24,20030.375760447645,0.28722
2023-1-25,18794.604371007037,0.2695
2023-1-26,18963.37224699159,0.27192
2023-1-27,18257.615674692548,0.2618
2023-1-28,19941.80749495162,0.28595
2023-1-29,20239.592135635106,0.29022
2023-1-30,19770.94745521519,0.2835
2023-1-31,18238.088813008384,0.26152
2023-2-1,19559.638916275857,0.28047
2023-2-2,19916.701529929127,0.28559
2023-2-3,19021.95283204408,0.27276
2023-2-4,22795.51885250861,0.32687
2023-2-5,23315.072850890807,0.33432
2023-2-6,29787.5301112736,0.42713
2023-2-7,34608.572783510026,0.49626
2023-2-8,41122.175931013015,0.58966
2023-2-9,31118.14625746586,0.44621
2023-2-10,27716.985384835018,0.39744
2023-2-11,28611.036694802773,0.41026
2023-2-12,29141.051511944344,0.41786
2023-2-13,28100.548739345362,0.40294
2023-2-14,26486.793098732738,0.3798
2023-2-15,31074.908206593784,0.44559
2023-2-16,33040.84474543864,0.47378
2023-2-17,30377.520289302243,0.43559
2023-2-18,30945.19405397756,0.44373
2023-2-19,30473.062433971187,0.43696
2023-2-20,29639.683872807793,0.42501
2023-2-21,29654.329019070916,0.42522
2023-2-22,29603.419701108633,0.42449
2023-2-23,31826.692381434066,0.45637
2023-2-24,30712.266489602185,0.44039
2023-2-25,31626.542049171396,0.4535
2023-2-26,30025.339391070014,0.43054
2023-2-27,30908.232494361106,0.4432
2023-2-28,33024.804823340935,0.47355
2023-3-1,31588.185713720362,0.45295
2023-3-2,32213.04528761358,0.46191
2023-3-3,30150.1718282652,0.43233
2023-3-4,30353.809100114333,0.43525
2023-3-5,29825.02204834891,0.43855
2023-3-6,29825.02204834891,0.42116
2023-3-7,29825.02204834891,0.42198
2023-3-8,29825.02204834891,0.38957
2023-3-9,29825.02204834891,0.3511
2023-3-10,29825.02204834891,0.32201
2023-3-11,29825.02204834891,0.33165
2023-3-12,29825.02204834891,0.31346
2023-3-13,29825.02204834891,0.37522
2023-3-14,29825.02204834891,0.39154
2023-3-15,29825.02204834891,0.46156
2023-3-16,26366.331451748305,0.40839
2023-3-17,27787.97894205781,0.43041
2023-3-18,29284.5179441184,0.45359
2023-3-19,27509.072622433057,0.42609
2023-3-20,25966.69485024895,0.4022
2023-3-21,25228.755212908458,0.39077
2023-3-22,25354.00481014735,0.39271
2023-3-23,25188.744661633536,0.379
2023-3-24,25188.744661633536,0.38295
2023-3-25,25188.744661633536,0.36868
2023-3-26,25188.744661633536,0.36872
2023-3-27,25188.744661633536,0.36662
2023-3-28,25188.744661633536,0.34046
2023-3-29,25188.744661633536,0.36072
2023-3-30,25188.744661633536,0.37589
2023-3-31,25188.744661633536,0.36364
2023-4-1,25188.744661633536,0.37027
2023-4-2,25188.744661633536,0.36109
2023-4-3,25188.744661633536,0.34357
2023-4-4,25188.744661633536,0.34755
2023-4-5,25188.744661633536,0.37168
2023-4-6,25188.744661633536,0.35778
2023-4-7,25188.744661633536,0.34895
2023-4-8,25188.744661633536,0.34354
2023-4-9,25188.744661633536,0.33856
2023-4-10,25188.744661633536,0.34274
2023-4-11,25188.744661633536,0.35733
2023-4-12,25188.744661633536,0.33448
2023-4-13,25188.744661633536,0.34239
2023-4-14,25188.744661633536,0.36556
2023-4-15,25188.744661633536,0.39494
2023-4-16,25626.911772145966,0.40216
2023-4-17,25494.36756962442,0.40008
2023-4-18,26909.02203884473,0.42228
2023-4-19,26709.56850331953,0.41915
2023-4-20,23534.87996023142,0.36933
2023-4-21,23299.741447104265,0.36564
2023-4-22,22766.308726917057,0.33392
2023-4-23,22766.308726917057,0.34139
2023-4-24,22766.308726917057,0.33734
2023-4-25,22766.308726917057,0.32486
2023-4-26,22766.308726917057,0.34189
2023-4-27,22766.308726917057,0.33925
2023-4-28,22766.308726917057,0.34505
2023-4-29,22766.308726917057,0.33768
2023-4-30,22766.308726917057,0.33296
2023-5-1,22766.308726917057,0.32241
2023-5-2,22766.308726917057,0.31791
2023-5-3,22766.308726917057,0.31214
2023-5-4,22766.308726917057,0.32238
2023-5-5,22766.308726917057,0.30794
2023-5-6,22766.308726917057,0.30205
2023-5-7,22766.308726917057,0.28867
2023-5-8,22766.308726917057,0.2719
2023-5-9,22766.308726917057,0.25543
2023-5-10,22766.308726917057,0.25967
2023-5-11,22766.308726917057,0.25176
2023-5-12,22766.308726917057,0.23452
2023-5-13,22766.308726917057,0.23965
2023-5-14,22766.308726917057,0.23726
2023-5-15,22766.308726917057,0.24369
2023-5-16,22766.308726917057,0.24242
2023-5-17,22766.308726917057,0.24939
2023-5-18,22766.308726917057,0.25498
2023-5-19,22766.308726917057,0.24521
2023-5-20,22766.308726917057,0.26111
2023-5-21,22766.308726917057,0.25471
2023-5-22,22766.308726917057,0.23617
2023-5-23,22766.308726917057,0.24703
2023-5-24,22766.308726917057,0.23471
2023-5-25,22766.308726917057,0.22681
2023-5-26,22766.308726917057,0.23598
2023-5-27,22766.308726917057,0.25232
2023-5-28,22766.308726917057,0.26088
2023-5-29,23030.40745567766,0.26364
2023-5-30,22923.833729778988,0.26242
2023-5-31,24792.368153527073,0.28381
2023-6-1,22238.96650761045,0.25458
2023-6-2,23102.038976363656,0.26446
2023-6-3,23809.61863192044,0.27256
2023-6-4,23601.71251090499,0.27018
2023-6-5,22874.914642481235,0.26186
2023-6-6,21056.17286116122,0.24104
2023-6-7,21037.853990772008,0.23983
2023-6-8,21037.853990772008,0.22394
2023-6-9,21037.853990772008,0.2253
2023-6-10,21037.853990772008,0.20557
2023-6-11,21037.853990772008,0.18254
2023-6-12,21037.853990772008,0.17928
2023-6-13,21037.853990772008,0.18818
2023-6-14,21037.853990772008,0.19086
2023-6-15,21037.853990772008,0.1821
2023-6-16,21037.853990772008,0.1832
2023-6-17,21037.853990772008,0.19129
2023-6-18,21037.853990772008,0.19384
2023-6-19,21037.853990772008,0.18213
2023-6-20,21037.853990772008,0.19038
2023-6-21,21037.853990772008,0.20443
2023-6-22,21037.853990772008,0.24026
2023-6-23,21250.1814980872,0.23772
2023-6-24,21218.000506419226,0.23736
2023-6-25,21079.443458959882,0.23581
2023-6-26,20061.272639242514,0.22442
2023-6-27,19932.548672570607,0.22298
2023-6-28,20400.066968191488,0.22821
2023-6-29,19363.123903334465,0.21661
2023-6-30,20211.450600359738,0.2261
2023-7-1,20188.208773043978,0.22584
2023-7-2,20427.778377683357,0.22852
2023-7-3,21750.774701811286,0.24332
2023-7-4,21878.60475204797,0.24475
2023-7-5,21681.049219864002,0.24254
2023-7-6,20340.17456703164,0.22754
2023-7-7,19345.245574630033,0.21641
2023-7-8,19435.591858330856,0.22193
2023-7-9,19435.591858330856,0.21891
2023-7-10,19435.591858330856,0.21282
2023-7-11,19435.591858330856,0.21617
2023-7-12,19435.591858330856,0.21321
2023-7-13,19435.591858330856,0.21735
2023-7-14,19435.591858330856,0.23523
2023-7-15,19652.2860176168,0.23219
2023-7-16,20163.504448842974,0.23823
2023-7-17,20337.01401573265,0.24028
2023-7-18,19945.13631100133,0.23565
2023-7-19,19433.071491643983,0.2296
2023-7-20,19090.284298520473,0.22555
2023-7-21,19064.8926545854,0.22525
2023-7-22,19048.30619797591,0.22614
2023-7-23,19048.30619797591,0.22225
2023-7-24,19048.30619797591,0.22033
2023-7-25,19048.30619797591,0.21142
2023-7-26,19048.30619797591,0.20941
2023-7-27,19048.30619797591,0.21443
2023-7-28,19048.30619797591,0.21481
2023-7-29,19048.30619797591,0.21732
2023-7-30,19048.30619797591,0.21387
2023-7-31,19048.30619797591,0.21188
2023-8-1,19048.30619797591,0.20184
2023-8-2,19048.30619797591,0.21103
2023-8-3,19048.30619797591,0.20438
2023-8-4,19048.30619797591,0.20154
2023-8-5,19048.30619797591,0.19553
2023-8-6,19048.30619797591,0.19731
2023-8-7,19048.30619797591,0.19933
2023-8-8,19048.30619797591,0.19425
2023-8-9,19048.30619797591,0.19992
2023-8-10,19048.30619797591,0.19878
2023-8-11,19048.30619797591,0.20105
2023-8-12,19048.30619797591,0.20173
2023-8-13,19048.30619797591,0.2006
2023-8-14,19048.30619797591,0.21816
2023-8-15,18884.302787507873,0.21647
2023-8-16,17829.601347581003,0.20438
2023-8-17,17521.65295362386,0.20085
2023-8-18,16990.412391809714,0.18486
2023-8-19,16990.412391809714,0.20117
2023-8-20,17100.177999960066,0.21144
2023-8-21,16558.316513960574,0.20474
2023-8-22,16195.997191978824,0.20026
2023-8-23,15849.800230639352,0.19697
2023-8-24,15849.800230639352,0.21375
2023-8-25,15261.019169400783,0.20251
2023-8-26,15991.251136965315,0.2122
2023-8-27,15692.828165700554,0.20824
2023-8-28,15716.189559915725,0.20855
2023-8-29,15462.982190357745,0.20519
2023-8-30,16559.460531747212,0.21974
2023-8-31,18279.914176690276,0.24257
2023-9-1,17901.610309076867,0.23755
2023-9-2,17658.199653222022,0.23432
2023-9-3,18803.66156312717,0.24952
2023-9-4,19573.83397886603,0.25974
2023-9-5,19804.433547570614,0.2628
2023-9-6,18570.047620975463,0.24642
2023-9-7,19115.649214903966,0.25366
2023-9-8,18554.97575373987,0.24622
2023-9-9,18012.388533258483,0.23902
2023-9-10,17371.834175745735,0.23052
2023-9-11,17118.79235557747,0.23316
2023-9-12,17118.79235557747,0.23025
2023-9-13,17118.79235557747,0.22459
2023-9-14,17118.79235557747,0.22646
2023-9-15,17118.79235557747,0.23397
2023-9-16,17118.79235557747,0.2363
2023-9-17,17118.79235557747,0.23349
2023-9-18,17118.79235557747,0.22812
2023-9-19,17118.79235557747,0.22632
2023-9-20,17118.79235557747,0.23321
2023-9-21,17118.79235557747,0.23179
2023-9-22,17118.79235557747,0.22251
2023-9-23,17118.79235557747,0.22266
2023-9-24,17118.79235557747,0.22061
2023-9-25,17118.79235557747,0.21646
2023-9-26,17118.79235557747,0.21657
2023-9-27,17118.79235557747,0.21264
2023-9-28,17118.79235557747,0.21082
2023-9-29,17118.79235557747,0.21943
2023-9-30,17118.79235557747,0.22007
2023-10-1,17118.79235557747,0.22651
2023-10-2,17634.3387281736,0.2377
2023-10-3,16518.560627745617,0.22266
2023-10-4,15910.224163416535,0.21446
2023-10-5,16105.408650921974,0.2184
2023-10-6,16105.408650921974,0.21866
2023-10-7,16105.408650921974,0.22345
2023-10-8,16105.408650921974,0.22034
2023-10-9,16105.408650921974,0.22087
2023-10-10,16105.408650921974,0.20805
2023-10-11,16105.408650921974,0.20229
2023-10-12,16105.408650921974,0.20342
2023-10-13,16105.408650921974,0.20307
2023-10-14,16105.408650921974,0.21159
2023-10-15,16105.408650921974,0.2142
2023-10-16,16105.408650921974,0.21309
2023-10-17,16105.408650921974,0.21409
2023-10-18,16105.408650921974,0.20633
2023-10-19,16105.408650921974,0.20173
2023-10-20,16105.408650921974,0.20657
2023-10-21,16105.408650921974,0.21859
2023-10-22,16218.5290812062,0.22963
2023-10-23,16505.988966066667,0.2337
2023-10-24,17871.24684674304,0.25303
2023-10-25,19404.601662546665,0.27474
2023-10-26,21426.002621934036,0.30336
2023-10-27,20498.644320160583,0.29023
2023-10-28,23990.540317089708,0.33967
2023-10-29,25398.88186601298,0.35961
2023-10-30,25819.12420383111,0.36556
2023-10-31,25594.524097232512,0.36238
2023-11-1,25237.14153767626,0.35732
2023-11-2,27221.815435607252,0.38542
2023-11-3,23803.373561590877,0.33702
2023-11-4,25020.31061715497,0.35425
2023-11-5,25882.690271736374,0.36646
2023-11-6,26166.61870837988,0.37048
2023-11-7,27838.406294288303,0.39415
2023-11-8,25522.48255360655,0.36136
2023-11-9,26873.614641415086,0.38049
2023-11-10,27257.12991777684,0.38592
2023-11-11,30686.872426087484,0.43448
2023-11-12,28868.882883996957,0.40874
2023-11-13,29852.03806759836,0.42266
2023-11-14,26540.245929734152,0.37577
2023-11-15,27170.962581283038,0.3847
2023-11-16,31509.69986063895,0.44613
2023-11-17,32426.46381776152,0.45911
2023-11-18,29652.158098518477,0.41983
2023-11-19,33273.30510018831,0.4711
2023-11-20,38680.658609996026,0.54766
2023-11-21,37123.99623596047,0.52562
2023-11-22,36155.67313487029,0.51191
2023-11-23,36236.89644386035,0.51306
2023-11-24,36448.78333687789,0.51606
2023-11-25,37960.949463379766,0.53747
2023-11-26,37383.204535085264,0.52929
2023-11-27,37930.57900871392,0.53704
2023-11-28,35969.21266901485,0.50927
2023-11-29,38408.03080764678,0.5438
2023-11-30,37263.13529570866,0.52759
2023-12-1,37109.164153449245,0.52541
2023-12-2,40395.529864151344,0.57194
2023-12-3,39295.130599746895,0.55636
2023-12-4,39425.794183774386,0.55821
2023-12-5,37517.39956732971,0.53119
2023-12-6,37213.69502067123,0.52689
2023-12-7,35942.37366256596,0.50889
2023-12-8,35911.103797479525,0.52783
2023-12-9,35911.103797479525,0.55258
2023-12-10,34690.679479429025,0.52101
2023-12-11,34660.498588281924,0.50066
2023-12-12,34660.498588281924,0.51226
2023-12-13,34660.498588281924,0.61307
2023-12-14,38166.146210148014,0.63988
2023-12-15,42310.93195144823,0.70937
2023-12-16,39867.8405143543,0.66841
2023-12-17,37972.29740227313,0.63663
2023-12-18,37771.88755782402,0.63327
2023-12-19,42722.48788201337,0.71627
2023-12-20,41724.613864860505,0.69954
2023-12-21,43195.478973228084,0.7242
2023-12-22,45451.28263902136,0.76202
2023-12-23,42698.03310932762,0.71586
2023-12-24,43364.276550546834,0.72703
2023-12-25,43114.36070285583,0.72284
2023-12-26,44598.944342242256,0.74773
2023-12-27,43590.33408342247,0.73082
2023-12-28,44495.75713066578,0.746
2023-12-29,41236.1148690158,0.69135
2023-12-30,41232.53612179349,0.69129
2023-12-31,41170.442501477904,0.68947
2024-1-1,41170.442501477904,0.67904
2024-1-2,41170.442501477904,0.72009
2024-1-3,40968.68521729177,0.71845
2024-1-4,37325.44031711393,0.65456
2024-1-5,39881.870308033824,0.69391
2024-1-6,39881.870308033824,0.66826
2024-1-7,39881.870308033824,0.64625
2024-1-8,39881.870308033824,0.58855
2024-1-9,39881.870308033824,0.67253
2024-1-10,39881.870308033824,0.66103
2024-1-11,39881.870308033824,0.72632
2024-1-12,39256.52505585071,0.70983
2024-1-13,37245.66717293405,0.67347
2024-1-14,37717.41133523546,0.682
2024-1-15,37286.59222335645,0.67421
2024-1-16,36949.692286212405,0.69034
2024-1-17,37113.757409967504,0.68473
2024-1-18,36156.549523851776,0.66707
2024-1-19,33009.579542658146,0.60901
2024-1-20,33822.96953474212,0.61518
2024-1-21,33822.96953474212,0.61617
2024-1-22,33822.96953474212,0.58202
2024-1-23,33822.96953474212,0.57066
2024-1-24,33822.96953474212,0.56372
2024-1-25,33822.96953474212,0.5959
2024-1-26,33822.96953474212,0.58425
2024-1-27,33822.96953474212,0.61632
2024-1-28,33822.96953474212,0.62748
2024-1-29,33822.96953474212,0.61421
2024-1-30,33822.96953474212,0.62203
2024-1-31,31897.24498479551,0.5857
2024-2-1,30721.997337925288,0.56412
2024-2-2,29600.120529513497,0.54352
2024-2-3,30185.422585325567,0.56435
2024-2-4,30185.422585325567,0.55685
2024-2-5,30185.422585325567,0.52292
2024-2-6,30185.422585325567,0.52889
2024-2-7,30185.422585325567,0.52919
2024-2-8,30185.422585325567,0.55399
2024-2-9,30185.422585325567,0.55909
2024-2-10,30185.422585325567,0.60987
2024-2-11,30470.57666435018,0.63306
2024-2-12,30113.91699057071,0.62565
2024-2-13,31383.644682109516,0.65203
2024-2-14,31674.84455071489,0.65808
2024-2-15,32661.073527198216,0.67857
2024-2-16,32615.829250092585,0.67763
2024-2-17,33984.22797148942,0.70606
2024-2-18,39775.01411891299,0.82637
2024-2-19,41896.20059981198,0.87044
2024-2-20,45294.3346037028,0.94104
2024-2-21,49956.42043397001,1.0379
2024-2-22,51891.33526338093,1.0781
2024-2-23,53518.20395079609,1.1119
2024-2-24,49797.58414200344,1.0346
2024-2-25,52704.76960708851,1.095
2024-2-26,53575.96260242029,1.1131
2024-2-27,51713.24608753963,1.0744
2024-2-28,53089.82728458322,1.103
2024-2-29,63539.33000759593,1.3201
2024-3-1,77618.00134099628,1.6126
2024-3-2,78359.23737017359,1.628
2024-3-3,86647.60387824725,1.8002
2024-3-4,83947.38691481558,1.7441
2024-3-5,81256.79639332129,1.6882
2024-3-6,83725.97875025612,1.7395
2024-3-7,124508.40001791467,2.5868
2024-3-8,119849.20212022867,2.49
2024-3-9,138481.18049000396,2.8771
2024-3-10,142168.1077520158,2.9537
2024-3-11,135670.25944429258,2.8187
2024-3-12,130043.60413190111,2.7018
2024-3-13,129129.09214785117,2.6828
2024-3-14,126318.1711021398,2.6244
2024-3-15,126424.06196345083,2.6266
2024-3-16,127800.64316049442,2.6552
2024-3-17,122698.62893368951,2.5492
2024-3-18,133451.3645777293,2.7726
2024-3-19,113274.34227700648,2.3534
2024-3-20,118780.66706518084,2.4678
2024-3-21,1000.0,2.6543
2024-3-22,111765.997541082,2.5019
2024-3-23,108178.79997021632,2.4216
2024-3-24,1000.0,2.4254
2024-3-25,1000.0,2.5333
2024-3-26,1000.0,2.7973
2024-3-27,115063.80274221828,2.964
2024-3-28,119271.93911781088,3.0724
2024-3-29,125157.11877223743,3.224
2024-3-30,118887.61669974476,3.0625
2024-3-31,123064.69671832192,3.1701
2024-4-1,117420.20383076507,3.0247
2024-4-2,105160.70689891871,2.7089
2024-4-3,104920.02013204903,2.7027
2024-4-4,1000.0,2.5541
2024-4-5,1000.0,2.6426
2024-4-6,1000.0,2.6551
2024-4-7,1000.0,2.6967
2024-4-8,1000.0,2.6551
2024-4-9,1000.0,2.7594
2024-4-10,1000.0,2.5612
2024-4-11,1000.0,2.6323
2024-4-12,1000.0,2.5836
2024-4-13,1000.0,2.1017
2024-4-14,1000.0,1.9231
2024-4-15,1000.0,2.194
2024-4-16,1000.0,2.0225
2024-4-17,1000.0,2.0388
2024-4-18,1000.0,2.0033
2024-4-19,1000.0,1.9727
2024-4-20,1000.0,2.1599
2024-4-21,1000.0,2.5219
2024-4-22,105928.02894565879,2.4825
2024-4-23,104037.75233647745,2.4382
2024-4-24,104874.08239381277,2.4578
2024-4-25,96156.62164311866,2.2535
2024-4-26,96485.17987992897,2.2612
2024-4-27,90673.53937946624,2.125
2024-4-28,92845.66408233828,2.2488
2024-4-29,92845.66408233828,2.129
2024-4-30,92845.66408233828,2.1346
2024-5-1,92845.66408233828,2.0209
2024-5-2,92845.66408233828,1.9778
2024-5-3,92845.66408233828,2.0437
2024-5-4,92845.66408233828,2.1705
2024-5-5,92845.66408233828,2.1263
2024-5-6,92845.66408233828,2.3965
2024-5-7,92029.9956922628,2.4044
2024-5-8,90625.27898875838,2.3677
2024-5-9,85546.09897363474,2.235
2024-5-10,88428.25613368605,2.3103
2024-5-11,84298.31247406405,2.2024
2024-5-12,84022.7277256926,2.1952
2024-5-13,83506.0165803729,2.0556
2024-5-14,83506.0165803729,2.0876
2024-5-15,83506.0165803729,2.0341
2024-5-16,83506.0165803729,2.3227
2024-5-17,83506.0165803729,2.2562
2024-5-18,87880.10166462047,2.4249
2024-5-19,83429.7422747836,2.3021
2024-5-20,80530.4853432938,2.2221
2024-5-21,87916.34237626407,2.4259
2024-5-22,91620.1431062423,2.5281
2024-5-23,91852.08366076149,2.5345
2024-5-24,87242.26513969271,2.4073
2024-5-25,84078.45101320444,2.32
2024-5-26,82737.5446823904,2.283
2024-5-27,82038.09894766849,2.2637
2024-5-28,81966.72580158402,2.2318
2024-5-29,81966.72580158402,2.2532
2024-5-30,81966.72580158402,2.2548
2024-5-31,81966.72580158402,2.1848
2024-6-1,81966.72580158402,2.1354
2024-6-2,81966.72580158402,2.1239
2024-6-3,81966.72580158402,2.1063
2024-6-4,81966.72580158402,2.1477
2024-6-5,81966.72580158402,2.1663
2024-6-6,81966.72580158402,2.1456
2024-6-7,81966.72580158402,2.0181
2024-6-8,81966.72580158402,1.8465
2024-6-9,81966.72580158402,1.7352
2024-6-10,81966.72580158402,1.7032
2024-6-11,81966.72580158402,1.6524
2024-6-12,81966.72580158402,1.5465
2024-6-13,81966.72580158402,1.6391
2024-6-14,81966.72580158402,1.5979
2024-6-15,81966.72580158402,1.4664
2024-6-16,81966.72580158402,1.4412
2024-6-17,81966.72580158402,1.4182
2024-6-18,81966.72580158402,1.2262
2024-6-19,81966.72580158402,1.2409
2024-6-20,81966.72580158402,1.5417
2024-6-21,81966.72580158402,1.5837
2024-6-22,81966.72580158402,1.5706
2024-6-23,81966.72580158402,1.4787
2024-6-24,81966.72580158402,1.4174
2024-6-25,81966.72580158402,1.7064
2024-6-26,83089.44303153102,1.6701
2024-6-27,82751.13501846927,1.6633
2024-6-28,74009.85297509463,1.4876
2024-6-29,71447.66728793587,1.4361
2024-6-30,66363.0968563315,1.3339
2024-7-1,68611.80728385964,1.4143
2024-7-2,68611.80728385964,1.3314
2024-7-3,68611.80728385964,1.2953
2024-7-4,68611.80728385964,1.2349
2024-7-5,68611.80728385964,1.1131
2024-7-6,68611.80728385964,1.2028
2024-7-7,68611.80728385964,1.2418
2024-7-8,68611.80728385964,1.1069
2024-7-9,68611.80728385964,1.183
2024-7-10,68611.80728385964,1.2056
2024-7-11,68611.80728385964,1.182
2024-7-12,68611.80728385964,1.1495
2024-7-13,68611.80728385964,1.1835
2024-7-14,68611.80728385964,1.1818
2024-7-15,68611.80728385964,1.3119
2024-7-16,68611.80728385964,1.3875
2024-7-17,70627.20606052013,1.4295
2024-7-18,73038.2642317362,1.4783
2024-7-19,70029.38221068992,1.4174
2024-7-20,73314.94303826921,1.4839
2024-7-21,72662.77156572715,1.4707
2024-7-22,71882.14207586621,1.4549
2024-7-23,68319.90244175393,1.3828
2024-7-24,64204.30519457567,1.2995
2024-7-25,58685.55114283723,1.1878
2024-7-26,59295.971585845735,1.2263
2024-7-27,59295.971585845735,1.264
2024-7-28,59295.971585845735,1.2621
2024-7-29,59295.971585845735,1.2771
2024-7-30,59295.971585845735,1.2277
2024-7-31,59295.971585845735,1.1993
2024-8-1,59295.971585845735,1.1384
2024-8-2,59295.971585845735,1.1346
2024-8-3,59295.971585845735,1.0624
2024-8-4,59295.971585845735,1.0147
2024-8-5,59295.971585845735,0.83456
2024-8-6,59295.971585845735,0.84756
2024-8-7,59295.971585845735,0.87232
2024-8-8,59295.971585845735,0.84797
2024-8-9,59295.971585845735,0.89145
2024-8-10,59295.971585845735,0.84551
2024-8-11,59295.971585845735,0.92948
2024-8-12,59295.971585845735,0.8219
2024-8-13,59295.971585845735,0.83898
2024-8-14,59295.971585845735,0.88408
2024-8-15,59295.971585845735,0.86789
2024-8-16,59295.971585845735,0.82886
2024-8-17,59295.971585845735,0.82616
2024-8-18,59295.971585845735,0.82206
2024-8-19,59295.971585845735,0.82077
2024-8-20,59295.971585845735,0.91245
2024-8-21,59295.971585845735,0.87769
2024-8-22,63990.30411602175,0.9685
2024-8-23,71641.39055550065,1.0843
2024-8-24,80362.83623780821,1.2163
2024-8-25,82992.48425414033,1.2561
2024-8-26,89540.17567169093,1.3552
2024-8-27,91568.57250840943,1.3859
2024-8-28,84082.66496442878,1.2726
2024-8-29,79173.54819022081,1.1983
2024-8-30,74158.71692289397,1.1224
2024-8-31,79166.94103440088,1.1982
2024-9-1,74938.36130964571,1.1342
2024-9-2,77297.11593736071,1.1699
2024-9-3,80567.65806822604,1.2194
2024-9-4,74740.1466350478,1.1312
2024-9-5,76318.87319847259,1.1213
2024-9-6,76318.87319847259,1.0764
2024-9-7,76318.87319847259,1.0586
2024-9-8,76318.87319847259,1.0852
2024-9-9,76318.87319847259,1.1195
2024-9-10,76318.87319847259,1.2226
2024-9-11,76318.87319847259,1.3029
2024-9-12,81677.7612993163,1.3956
2024-9-13,79254.81825131424,1.3542
2024-9-14,79167.03045971996,1.3527
2024-9-15,81712.87641595403,1.3962
2024-9-16,76398.78876478039,1.3054
2024-9-17,74303.58680539696,1.2696
2024-9-18,79442.09887338203,1.3574
2024-9-19,88174.05787729289,1.5066
2024-9-20,88630.55439358314,1.5144
2024-9-21,92668.79280691993,1.5834
2024-9-22,93728.09882549087,1.6015
2024-9-23,97701.95952499186,1.6694
2024-9-24,95308.27907418789,1.6285
2024-9-25,101318.81653867612,1.7312
2024-9-26,96777.26145353213,1.6536
2024-9-27,97169.38025598659,1.6603
2024-9-28,97783.89479714652,1.6708
2024-9-29,94570.86162479594,1.6159
2024-9-30,91855.29260481294,1.5695
2024-10-1,93991.46220027372,1.606
2024-10-2,90608.7059641742,1.5482
2024-10-3,90529.87638998537,1.463
2024-10-4,90529.87638998537,1.3755
2024-10-5,90529.87638998537,1.4395
2024-10-6,90529.87638998537,1.3857
2024-10-7,90529.87638998537,1.5348
2024-10-8,90529.87638998537,1.4936
2024-10-9,90529.87638998537,1.436
2024-10-10,90529.87638998537,1.3493
2024-10-11,90529.87638998537,1.3378
2024-10-12,90529.87638998537,1.4202
2024-10-13,90529.87638998537,1.4413
2024-10-14,90529.87638998537,1.5069
2024-10-15,90529.87638998537,1.4734
2024-10-16,90113.47379668015,1.4679
2024-10-17,87528.98081565948,1.4258
2024-10-18,85674.08737926939,1.3711
2024-10-19,85674.08737926939,1.4386
2024-10-20,85674.08737926939,1.3752
2024-10-21,85674.08737926939,1.4497
2024-10-22,85674.08737926939,1.3915
